date,open,high,low,close,volume,split,dividend
2024-06-03,32.400001525878906,32.900001525878906,30.799999237060547,31.799999237060547,7370,1.0,0.0
2024-06-04,31.799999237060547,31.899999618530273,30.700000762939453,31.299999237060547,14980,1.0,0.0
2024-06-05,31.399999618530273,31.899999618530273,30.399999618530273,30.700000762939453,9880,1.0,0.0
2024-06-06,30.700000762939453,31.399999618530273,29.200000762939453,29.799999237060547,18210,1.0,0.0
2024-06-07,29.700000762939453,29.899999618530273,29.299999237060547,29.399999618530273,7980,1.0,0.0
2024-06-10,29.0,29.5,27.899999618530273,28.0,66950,1.0,0.0
2024-06-11,28.399999618530273,28.600000381469727,27.5,27.700000762939453,35200,1.0,0.0
2024-06-12,28.5,30.0,27.799999237060547,29.799999237060547,25900,1.0,0.0
2024-06-13,29.5,29.700000762939453,28.899999618530273,29.100000381469727,5700,1.0,0.0
2024-06-14,28.799999237060547,29.600000381469727,28.200000762939453,29.0,10270,1.0,0.0
2024-06-17,29.0,29.5,28.0,29.200000762939453,19930,1.0,0.0
2024-06-18,29.399999618530273,30.299999237060547,29.200000762939453,29.399999618530273,21210,1.0,0.0
2024-06-20,29.5,29.5,28.100000381469727,28.700000762939453,11230,1.0,0.0
2024-06-21,28.799999237060547,29.299999237060547,28.100000381469727,28.200000762939453,26850,1.0,0.0
2024-06-24,28.5,28.700000762939453,27.899999618530273,28.5,14060,1.0,0.0
2024-06-25,28.399999618530273,29.399999618530273,28.100000381469727,29.100000381469727,9970,1.0,0.0
2024-06-26,29.100000381469727,29.700000762939453,28.899999618530273,28.899999618530273,24670,1.0,0.0
2024-06-27,28.899999618530273,29.0,28.0,29.0,23440,1.0,0.0
2024-06-28,29.299999237060547,29.799999237060547,28.399999618530273,28.5,116990,1.0,0.0
2024-07-01,28.600000381469727,29.0,27.700000762939453,27.799999237060547,15620,1.0,0.0
2024-07-02,27.700000762939453,28.299999237060547,27.700000762939453,27.899999618530273,5670,1.0,0.0
2024-07-03,28.0,28.399999618530273,27.5,27.700000762939453,5630,1.0,0.0
2024-07-05,27.700000762939453,28.100000381469727,27.100000381469727,27.200000762939453,17470,1.0,0.0
2024-07-08,27.5,28.200000762939453,27.399999618530273,27.899999618530273,12940,1.0,0.0
2024-07-09,28.0,28.799999237060547,27.700000762939453,27.799999237060547,5420,1.0,0.0
2024-07-10,27.899999618530273,28.799999237060547,27.0,28.799999237060547,16730,1.0,0.0
2024-07-11,29.399999618530273,32.79999923706055,29.399999618530273,32.79999923706055,18320,1.0,0.0
2024-07-12,33.20000076293945,34.900001525878906,32.5,32.599998474121094,16050,1.0,0.0
2024-07-15,32.29999923706055,34.29999923706055,32.29999923706055,33.20000076293945,17610,1.0,0.0
2024-07-16,33.599998474121094,35.5,33.599998474121094,35.400001525878906,14550,1.0,0.0
2024-07-17,35.29999923706055,36.0,33.79999923706055,34.599998474121094,10880,1.0,0.0
2024-07-18,34.20000076293945,34.79999923706055,31.399999618530273,31.799999237060547,12730,1.0,0.0
2024-07-19,32.099998474121094,33.20000076293945,30.600000381469727,30.799999237060547,8710,1.0,0.0
2024-07-22,30.399999618530273,32.5,29.899999618530273,31.299999237060547,20080,1.0,0.0
2024-07-23,31.0,33.0,31.0,33.0,12530,1.0,0.0
2024-07-24,33.0,34.29999923706055,32.400001525878906,32.5,10530,1.0,0.0
2024-07-25,32.70000076293945,34.5,32.20000076293945,33.5,11350,1.0,0.0
2024-07-26,34.20000076293945,34.29999923706055,32.0,33.0,12410,1.0,0.0
2024-07-29,32.79999923706055,33.79999923706055,31.299999237060547,31.5,7220,1.0,0.0
2024-07-30,31.299999237060547,33.5,31.299999237060547,33.29999923706055,10120,1.0,0.0
2024-07-31,33.29999923706055,34.20000076293945,32.0,32.0,15470,1.0,0.0
2024-08-01,32.20000076293945,32.20000076293945,30.399999618530273,30.799999237060547,11130,1.0,0.0
2024-08-02,30.0,30.600000381469727,29.700000762939453,29.799999237060547,6600,1.0,0.0
2024-08-05,28.700000762939453,28.700000762939453,28.100000381469727,28.399999618530273,12810,1.0,0.0
2024-08-06,28.299999237060547,29.700000762939453,28.200000762939453,29.100000381469727,5730,1.0,0.0
2024-08-07,29.899999618530273,29.899999618530273,27.700000762939453,27.899999618530273,10840,1.0,0.0
2024-08-08,27.5,31.399999618530273,27.5,31.200000762939453,6480,1.0,0.0
2024-08-09,31.0,31.0,29.0,29.100000381469727,7840,1.0,0.0
2024-08-12,29.5,29.799999237060547,28.700000762939453,29.5,10310,1.0,0.0
2024-08-13,29.799999237060547,30.100000381469727,28.5,28.899999618530273,12060,1.0,0.0
2024-08-14,28.700000762939453,29.0,28.100000381469727,28.100000381469727,8810,1.0,0.0
2024-08-15,29.600000381469727,29.600000381469727,27.899999618530273,28.600000381469727,14040,1.0,0.0
2024-08-16,28.600000381469727,29.899999618530273,28.299999237060547,29.5,7580,1.0,0.0
2024-08-19,29.399999618530273,30.5,29.299999237060547,29.600000381469727,7880,1.0,0.0
2024-08-20,29.600000381469727,29.700000762939453,28.399999618530273,28.399999618530273,3880,1.0,0.0
2024-08-21,28.799999237060547,29.399999618530273,28.399999618530273,29.200000762939453,4300,1.0,0.0
2024-08-22,29.299999237060547,29.299999237060547,28.299999237060547,28.399999618530273,3420,1.0,0.0
2024-08-23,28.799999237060547,30.399999618530273,28.799999237060547,29.899999618530273,8120,1.0,0.0
2024-08-26,30.399999618530273,32.70000076293945,30.100000381469727,32.5,22390,1.0,0.0
2024-08-27,32.400001525878906,32.5,30.100000381469727,30.200000762939453,7240,1.0,0.0
2024-08-28,30.0,30.5,29.299999237060547,29.799999237060547,9480,1.0,0.0
2024-08-29,30.100000381469727,30.600000381469727,29.200000762939453,29.299999237060547,23730,1.0,0.0
2024-08-30,29.399999618530273,31.399999618530273,28.0,28.799999237060547,10930,1.0,0.0
2024-09-03,28.399999618530273,29.5,26.100000381469727,27.100000381469727,10090,1.0,0.0
2024-09-04,27.5,28.200000762939453,26.799999237060547,27.5,9160,1.0,0.0
2024-09-05,27.700000762939453,27.700000762939453,26.799999237060547,27.299999237060547,4680,1.0,0.0
2024-09-06,27.100000381469727,27.5,26.5,27.100000381469727,5460,1.0,0.0
2024-09-09,27.5,27.899999618530273,26.700000762939453,26.799999237060547,7880,1.0,0.0
2024-09-10,27.799999237060547,28.700000762939453,26.899999618530273,28.600000381469727,11270,1.0,0.0
2024-09-11,28.399999618530273,28.700000762939453,27.299999237060547,28.299999237060547,6230,1.0,0.0
2024-09-12,28.600000381469727,28.600000381469727,27.299999237060547,27.899999618530273,4880,1.0,0.0
2024-09-13,28.399999618530273,29.100000381469727,27.899999618530273,28.799999237060547,7680,1.0,0.0
2024-09-16,29.0,29.5,29.0,29.299999237060547,6290,1.0,0.0
2024-09-17,29.399999618530273,30.399999618530273,29.100000381469727,29.399999618530273,9530,1.0,0.0
2024-09-18,29.0,29.399999618530273,27.799999237060547,27.799999237060547,11380,1.0,0.0
2024-09-19,29.0,29.200000762939453,27.299999237060547,27.799999237060547,11880,1.0,0.0
2024-09-20,27.200000762939453,27.700000762939453,25.0,27.5,40140,1.0,0.0
2024-09-23,26.700000762939453,27.799999237060547,26.100000381469727,26.399999618530273,11670,1.0,0.0
2024-09-24,26.600000381469727,27.200000762939453,26.299999237060547,27.0,5670,1.0,0.0
2024-09-25,27.100000381469727,27.100000381469727,26.299999237060547,26.600000381469727,8420,1.0,0.0
2024-09-26,27.0,27.0,26.0,26.600000381469727,10230,1.0,0.0
2024-09-27,26.899999618530273,27.299999237060547,26.700000762939453,27.200000762939453,10290,1.0,0.0
2024-09-30,27.200000762939453,27.299999237060547,26.5,26.899999618530273,12670,1.0,0.0
2024-10-01,26.5,27.200000762939453,25.0,25.399999618530273,16530,1.0,0.0
2024-10-02,25.299999237060547,26.399999618530273,25.299999237060547,25.600000381469727,7800,1.0,0.0
2024-10-03,25.399999618530273,25.700000762939453,24.200000762939453,24.600000381469727,15090,1.0,0.0
2024-10-04,24.799999237060547,25.100000381469727,23.799999237060547,24.0,11670,1.0,0.0
2024-10-07,24.299999237060547,25.299999237060547,23.899999618530273,24.0,26180,1.0,0.0
2024-10-08,24.0,24.600000381469727,23.899999618530273,24.0,12430,1.0,0.0
2024-10-09,24.100000381469727,24.100000381469727,23.5,23.700000762939453,17690,1.0,0.0
2024-10-10,23.700000762939453,24.5,23.200000762939453,23.200000762939453,8660,1.0,0.0
2024-10-11,23.200000762939453,25.299999237060547,23.200000762939453,25.299999237060547,12570,1.0,0.0
2024-10-14,25.299999237060547,25.5,24.799999237060547,24.899999618530273,8990,1.0,0.0
2024-10-15,25.0,25.299999237060547,24.399999618530273,24.5,10550,1.0,0.0
2024-10-16,24.799999237060547,24.799999237060547,24.100000381469727,24.399999618530273,10350,1.0,0.0
2024-10-17,24.600000381469727,24.600000381469727,23.700000762939453,23.899999618530273,20310,1.0,0.0
2024-10-18,23.799999237060547,24.799999237060547,23.399999618530273,24.700000762939453,11880,1.0,0.0
2024-10-21,24.899999618530273,24.899999618530273,23.5,23.700000762939453,10700,1.0,0.0
2024-10-22,23.700000762939453,24.100000381469727,23.399999618530273,24.0,14260,1.0,0.0
2024-10-23,24.0,24.0,23.0,23.600000381469727,12250,1.0,0.0
2024-10-24,23.5,24.0,23.100000381469727,23.399999618530273,13880,1.0,0.0
2024-10-25,23.700000762939453,23.700000762939453,23.100000381469727,23.200000762939453,8300,1.0,0.0
2024-10-28,23.299999237060547,24.600000381469727,23.299999237060547,24.200000762939453,13070,1.0,0.0
2024-10-29,23.799999237060547,24.5,23.5,24.5,11110,1.0,0.0
2024-10-30,24.5,24.899999618530273,24.299999237060547,24.5,3950,1.0,0.0
2024-10-31,24.700000762939453,24.700000762939453,23.399999618530273,23.5,6270,1.0,0.0
2024-11-01,24.0,24.5,23.700000762939453,24.0,5190,1.0,0.0
2024-11-04,23.700000762939453,24.299999237060547,23.5,23.700000762939453,7280,1.0,0.0
2024-11-05,23.700000762939453,24.200000762939453,23.5,23.899999618530273,9700,1.0,0.0
2024-11-06,25.899999618530273,28.200000762939453,24.899999618530273,28.200000762939453,29300,1.0,0.0
2024-11-07,24.600000381469727,24.600000381469727,23.0,23.899999618530273,29370,1.0,0.0
2024-11-08,24.0,25.700000762939453,23.5,25.700000762939453,15440,1.0,0.0
2024-11-11,26.100000381469727,26.100000381469727,24.200000762939453,24.5,18130,1.0,0.0
2024-11-12,24.399999618530273,24.5,22.700000762939453,22.799999237060547,20610,1.0,0.0
2024-11-13,23.299999237060547,23.399999618530273,21.700000762939453,21.700000762939453,21130,1.0,0.0
2024-11-14,21.5,23.0,21.5,22.899999618530273,12860,1.0,0.0
2024-11-15,22.899999618530273,23.0,21.200000762939453,21.399999618530273,33850,1.0,0.0
2024-11-18,21.399999618530273,22.399999618530273,21.200000762939453,21.5,25530,1.0,0.0
2024-11-19,21.5,22.0,20.299999237060547,20.5,21220,1.0,0.0
2024-11-20,20.700000762939453,21.600000381469727,19.899999618530273,21.600000381469727,16260,1.0,0.0
2024-11-21,21.899999618530273,21.899999618530273,20.899999618530273,21.600000381469727,24450,1.0,0.0
2024-11-22,21.899999618530273,22.899999618530273,21.5,22.700000762939453,27090,1.0,0.0
2024-11-25,23.0,24.0,22.299999237060547,22.399999618530273,17360,1.0,0.0
2024-11-26,22.600000381469727,22.600000381469727,21.700000762939453,21.899999618530273,13060,1.0,0.0
2024-11-27,22.299999237060547,22.899999618530273,21.899999618530273,22.0,11030,1.0,0.0
2024-11-29,22.299999237060547,22.299999237060547,21.600000381469727,22.0,8350,1.0,0.0
2024-12-02,22.399999618530273,22.399999618530273,21.700000762939453,22.0,21240,1.0,0.0
2024-12-03,22.100000381469727,23.200000762939453,21.700000762939453,22.399999618530273,16490,1.0,0.0
2024-12-04,22.600000381469727,23.100000381469727,21.899999618530273,22.600000381469727,11420,1.0,0.0
2024-12-05,22.600000381469727,22.600000381469727,21.100000381469727,21.399999618530273,12570,1.0,0.0
2024-12-06,21.399999618530273,22.600000381469727,21.200000762939453,22.600000381469727,27760,1.0,0.0
2024-12-09,22.600000381469727,23.5,22.600000381469727,23.299999237060547,16520,1.0,0.0
2024-12-10,23.600000381469727,23.799999237060547,22.600000381469727,23.399999618530273,11170,1.0,0.0
2024-12-11,23.700000762939453,23.799999237060547,23.0,23.200000762939453,11480,1.0,0.0
2024-12-12,23.200000762939453,23.600000381469727,21.700000762939453,22.399999618530273,14350,1.0,0.0
2024-12-13,22.100000381469727,23.0,20.700000762939453,21.600000381469727,21240,1.0,0.0
2024-12-16,21.399999618530273,21.799999237060547,20.799999237060547,21.399999618530273,17300,1.0,0.0
2024-12-17,21.0,21.899999618530273,21.0,21.700000762939453,15330,1.0,0.0
2024-12-18,22.100000381469727,22.299999237060547,20.100000381469727,20.299999237060547,21140,1.0,0.0
2024-12-19,20.799999237060547,21.299999237060547,20.200000762939453,21.0,24200,1.0,0.0
2024-12-20,20.799999237060547,21.5,20.600000381469727,21.100000381469727,32230,1.0,0.0
2024-12-23,21.200000762939453,21.200000762939453,20.700000762939453,21.0,16290,1.0,0.0
2024-12-24,21.100000381469727,21.100000381469727,20.5,20.799999237060547,8010,1.0,0.0
2024-12-26,21.0,21.399999618530273,20.5,21.0,17460,1.0,0.0
2024-12-27,21.100000381469727,21.100000381469727,19.5,19.799999237060547,30880,1.0,0.0
2024-12-30,19.899999618530273,20.600000381469727,19.5,20.200000762939453,22890,1.0,0.0
2024-12-31,20.399999618530273,21.100000381469727,20.100000381469727,21.100000381469727,14500,1.0,0.0
2025-01-02,21.200000762939453,21.399999618530273,19.899999618530273,20.299999237060547,11410,1.0,0.0
2025-01-03,20.600000381469727,21.899999618530273,20.5,21.399999618530273,19220,1.0,0.0
2025-01-06,21.299999237060547,22.799999237060547,21.299999237060547,21.899999618530273,21570,1.0,0.0
2025-01-07,21.899999618530273,22.200000762939453,21.100000381469727,21.5,13270,1.0,0.0
2025-01-08,21.5,21.899999618530273,21.0,21.5,15740,1.0,0.0
2025-01-10,21.299999237060547,21.299999237060547,18.799999237060547,19.0,38770,1.0,0.0
2025-01-13,18.899999618530273,19.799999237060547,18.100000381469727,19.799999237060547,135220,1.0,0.0
2025-01-14,20.0,20.600000381469727,19.600000381469727,20.200000762939453,19130,1.0,0.0
2025-01-15,20.700000762939453,20.700000762939453,19.299999237060547,19.799999237060547,8370,1.0,0.0
2025-01-16,19.799999237060547,20.0,19.0,19.200000762939453,12330,1.0,0.0
2025-01-17,19.299999237060547,19.399999618530273,18.799999237060547,19.299999237060547,14150,1.0,0.0
2025-01-21,19.299999237060547,19.799999237060547,19.200000762939453,19.5,16300,1.0,0.0
2025-01-22,19.600000381469727,19.799999237060547,19.200000762939453,19.5,14370,1.0,0.0
2025-01-23,19.700000762939453,19.700000762939453,18.299999237060547,18.399999618530273,25570,1.0,0.0
2025-01-24,18.299999237060547,18.5,17.299999237060547,17.399999618530273,43440,1.0,0.0
2025-01-27,17.700000762939453,18.399999618530273,17.700000762939453,18.0,24990,1.0,0.0
2025-01-28,17.799999237060547,18.100000381469727,17.0,17.100000381469727,27620,1.0,0.0
2025-01-29,17.0,17.700000762939453,17.0,17.5,17570,1.0,0.0
2025-01-30,17.600000381469727,18.299999237060547,17.100000381469727,17.700000762939453,17170,1.0,0.0
2025-01-31,18.0,18.0,17.100000381469727,17.100000381469727,14400,1.0,0.0
2025-02-03,17.0,17.0,16.299999237060547,16.5,29540,1.0,0.0
2025-02-04,16.5,17.0,16.399999618530273,16.700000762939453,11090,1.0,0.0
2025-02-05,16.600000381469727,16.899999618530273,16.399999618530273,16.600000381469727,10930,1.0,0.0
2025-02-06,16.700000762939453,16.700000762939453,14.600000381469727,14.800000190734863,49350,1.0,0.0
2025-02-07,14.800000190734863,15.199999809265137,14.300000190734863,14.399999618530273,27920,1.0,0.0
2025-02-10,14.399999618530273,14.899999618530273,13.800000190734863,14.100000381469727,23070,1.0,0.0
2025-02-11,14.199999809265137,14.199999809265137,13.399999618530273,13.399999618530273,35880,1.0,0.0
2025-02-12,13.399999618530273,13.800000190734863,12.699999809265137,13.100000381469727,32700,1.0,0.0
2025-02-13,12.800000190734863,13.5,12.600000381469727,13.300000190734863,28700,1.0,0.0
2025-02-14,13.5,14.300000190734863,13.399999618530273,13.5,17550,1.0,0.0
2025-02-18,13.600000381469727,13.800000190734863,12.800000190734863,12.800000190734863,22070,1.0,0.0
2025-02-19,12.600000381469727,12.800000190734863,12.199999809265137,12.399999618530273,20450,1.0,0.0
2025-02-20,12.300000190734863,12.600000381469727,11.600000381469727,11.800000190734863,24170,1.0,0.0
2025-02-21,11.199999809265137,11.399999618530273,9.399999618530273,9.899999618530273,90290,1.0,0.0
2025-02-24,9.800000190734863,9.899999618530273,8.699999809265137,9.300000190734863,63490,1.0,0.0
2025-02-25,9.600000381469727,9.800000190734863,8.600000381469727,8.699999809265137,41680,1.0,0.0
2025-02-26,8.699999809265137,8.899999618530273,8.600000381469727,8.899999618530273,23330,1.0,0.0
2025-02-27,9.0,9.5,8.5,8.5,22880,1.0,0.0
2025-02-28,8.600000381469727,9.100000381469727,8.100000381469727,8.399999618530273,22530,1.0,0.0
2025-03-03,8.600000381469727,8.899999618530273,8.100000381469727,8.199999809265137,26030,1.0,0.0
2025-03-04,8.199999809265137,8.399999618530273,7.800000190734863,7.800000190734863,32460,1.0,0.0
2025-03-05,8.199999809265137,8.399999618530273,7.800000190734863,8.0,43920,1.0,0.0
2025-03-06,7.900000095367432,8.300000190734863,7.900000095367432,8.300000190734863,16180,1.0,0.0
2025-03-07,8.5,8.699999809265137,8.100000381469727,8.199999809265137,11940,1.0,0.0
2025-03-10,8.0,8.100000381469727,7.699999809265137,7.699999809265137,19160,1.0,0.0
2025-03-11,7.900000095367432,7.900000095367432,7.599999904632568,7.599999904632568,19730,1.0,0.0
2025-03-12,7.599999904632568,7.599999904632568,6.300000190734863,6.900000095367432,142890,1.0,0.0
2025-03-13,7.099999904632568,7.199999809265137,6.400000095367432,6.400000095367432,21850,1.0,0.0
2025-03-14,6.5,6.599999904632568,6.0,6.5,142500,1.0,0.0
2025-03-17,6.699999809265137,7.300000190734863,6.300000190734863,7.0,34270,1.0,0.0
2025-03-18,6.900000095367432,7.099999904632568,6.699999809265137,6.699999809265137,24030,1.0,0.0
2025-03-19,7.0,7.199999809265137,6.699999809265137,6.900000095367432,14020,1.0,0.0
2025-03-20,6.900000095367432,7.199999809265137,6.5,6.599999904632568,16330,1.0,0.0
2025-03-21,6.5,6.5,6.099999904632568,6.400000095367432,40180,1.0,0.0
2025-03-24,6.5,6.599999904632568,5.900000095367432,6.0,19170,1.0,0.0
2025-03-25,6.0,6.0,5.599999904632568,5.900000095367432,43850,1.0,0.0
2025-03-26,5.900000095367432,6.199999809265137,5.800000190734863,6.099999904632568,25610,1.0,0.0
2025-03-27,6.199999809265137,6.300000190734863,5.900000095367432,6.0,25790,1.0,0.0
2025-03-28,6.0,6.099999904632568,5.900000095367432,6.099999904632568,35170,1.0,0.0
2025-03-31,6.0,6.0,5.699999809265137,5.699999809265137,22900,1.0,0.0
2025-04-01,5.900000095367432,6.699999809265137,5.699999809265137,5.900000095367432,51840,1.0,0.0
2025-04-02,5.699999809265137,6.099999904632568,5.699999809265137,5.900000095367432,11200,1.0,0.0
2025-04-03,5.599999904632568,5.699999809265137,4.5,4.699999809265137,56410,1.0,0.0
2025-04-04,4.5,4.599999904632568,3.9000000953674316,4.0,41340,1.0,0.0
2025-04-07,4.0,4.300000190734863,3.700000047683716,3.799999952316284,31640,1.0,0.0
2025-04-08,4.599999904632568,4.699999809265137,3.5999999046325684,3.700000047683716,58890,1.0,0.0
2025-04-09,3.700000047683716,4.900000095367432,3.5999999046325684,4.599999904632568,86680,1.0,0.0
2025-04-10,4.5,4.599999904632568,3.799999952316284,3.9000000953674316,16970,1.0,0.0
2025-04-11,3.799999952316284,4.199999809265137,3.799999952316284,4.0,27870,1.0,0.0
2025-04-14,4.099999904632568,4.199999809265137,3.9000000953674316,4.0,20070,1.0,0.0
2025-04-15,4.099999904632568,4.5,3.9000000953674316,4.0,24460,1.0,0.0
2025-04-16,4.099999904632568,4.300000190734863,3.9000000953674316,3.9000000953674316,23300,1.0,0.0
2025-04-17,3.799999952316284,4.199999809265137,3.799999952316284,3.9000000953674316,28910,1.0,0.0
2025-04-21,3.9000000953674316,4.0,3.5999999046325684,3.5999999046325684,40760,1.0,0.0
2025-04-22,3.5999999046325684,4.0,3.5999999046325684,3.9000000953674316,30600,1.0,0.0
2025-04-23,4.0,4.199999809265137,4.0,4.0,51090,1.0,0.0
2025-04-24,4.0,4.0,3.9000000953674316,3.9000000953674316,34740,1.0,0.0
2025-04-25,3.9000000953674316,3.9000000953674316,3.700000047683716,3.799999952316284,35590,1.0,0.0
2025-04-28,4.0,4.0,3.700000047683716,3.799999952316284,28850,1.0,0.0
2025-04-29,3.799999952316284,3.9000000953674316,3.700000047683716,3.700000047683716,17630,1.0,0.0
2025-04-30,3.799999952316284,3.9000000953674316,3.299999952316284,3.5999999046325684,39940,1.0,0.0
2025-05-01,3.700000047683716,3.700000047683716,3.4000000953674316,3.4000000953674316,42260,1.0,0.0
2025-05-02,3.5,3.700000047683716,3.4000000953674316,3.5,20000,1.0,0.0
2025-05-05,3.5,3.5,3.200000047683716,3.299999952316284,24750,1.0,0.0
2025-05-06,3.299999952316284,3.299999952316284,3.0,3.0,34770,1.0,0.0
2025-05-07,3.0,3.200000047683716,2.9000000953674316,3.0,29120,1.0,0.0
2025-05-08,3.0999999046325684,3.0999999046325684,3.0,3.0,18430,1.0,0.0
2025-05-09,3.0,3.4000000953674316,3.0,3.200000047683716,43300,1.0,0.0
2025-05-12,3.700000047683716,6.699999809265137,3.0999999046325684,3.5,1434560,1.0,0.0
2025-05-13,3.5999999046325684,3.799999952316284,3.5,3.700000047683716,126080,1.0,0.0
2025-05-14,3.799999952316284,3.9000000953674316,3.4000000953674316,3.5,64960,1.0,0.0
2025-05-15,3.5,3.700000047683716,3.299999952316284,3.5,57950,1.0,0.0
2025-05-16,3.4000000953674316,3.700000047683716,3.4000000953674316,3.4000000953674316,44080,1.0,0.0
2025-05-19,3.4000000953674316,3.700000047683716,3.299999952316284,3.4000000953674316,73640,1.0,0.0
2025-05-20,3.4000000953674316,3.5,3.200000047683716,3.4000000953674316,57740,1.0,0.0
2025-05-21,3.4000000953674316,3.5,3.299999952316284,3.299999952316284,36500,1.0,0.0
2025-05-22,3.200000047683716,3.4000000953674316,3.0999999046325684,3.299999952316284,47050,1.0,0.0
2025-05-23,3.200000047683716,3.4000000953674316,3.200000047683716,3.4000000953674316,37360,1.0,0.0
2025-05-27,3.5,3.799999952316284,3.4000000953674316,3.700000047683716,60340,1.0,0.0
2025-05-28,3.700000047683716,3.700000047683716,2.799999952316284,2.799999952316284,141830,1.0,0.0
2025-05-29,3.0999999046325684,9.5,3.0999999046325684,6.699999809265137,63257540,1.0,0.0
2025-05-30,5.699999809265137,5.800000190734863,4.300000190734863,4.699999809265137,1356920,1.0,0.0
2025-06-02,4.699999809265137,5.599999904632568,4.099999904632568,4.099999904632568,1956550,1.0,0.0
2025-06-03,4.099999904632568,4.699999809265137,4.0,4.199999809265137,585720,1.0,0.0
2025-06-04,4.0,4.300000190734863,3.700000047683716,4.099999904632568,364070,1.0,0.0
2025-06-05,3.9000000953674316,4.400000095367432,3.9000000953674316,4.099999904632568,224550,1.0,0.0
2025-06-06,3.9000000953674316,4.199999809265137,3.700000047683716,4.099999904632568,217660,1.0,0.0
2025-06-09,4.199999809265137,5.900000095367432,4.099999904632568,5.599999904632568,1264190,1.0,0.0
2025-06-10,5.199999809265137,6.5,5.0,5.900000095367432,535240,1.0,0.0
2025-06-11,6.199999809265137,6.400000095367432,5.599999904632568,5.800000190734863,165930,1.0,0.0
2025-06-12,5.699999809265137,5.699999809265137,5.0,5.199999809265137,145960,1.0,0.0
2025-06-13,5.099999904632568,5.300000190734863,5.0,5.099999904632568,67360,1.0,0.0
2025-06-16,5.0,5.199999809265137,4.5,5.099999904632568,123230,1.0,0.0
2025-06-17,5.099999904632568,5.199999809265137,4.900000095367432,4.900000095367432,59510,1.0,0.0
2025-06-18,4.800000190734863,5.0,4.599999904632568,4.900000095367432,84230,1.0,0.0
2025-06-20,5.0,5.800000190734863,4.800000190734863,5.300000190734863,195290,1.0,0.0
2025-06-23,5.300000190734863,5.5,4.900000095367432,5.099999904632568,88310,1.0,0.0
2025-06-24,5.099999904632568,5.300000190734863,4.699999809265137,5.300000190734863,107910,1.0,0.0
2025-06-25,5.199999809265137,5.5,4.800000190734863,4.900000095367432,113620,1.0,0.0
2025-06-26,4.900000095367432,5.300000190734863,4.900000095367432,5.099999904632568,72210,1.0,0.0
2025-06-27,5.0,5.199999809265137,4.5,4.599999904632568,526300,1.0,0.0
2025-06-30,4.699999809265137,4.800000190734863,4.199999809265137,4.400000095367432,166510,1.0,0.0
2025-07-01,4.300000190734863,4.599999904632568,4.300000190734863,4.5,73950,1.0,0.0
2025-07-02,4.400000095367432,4.699999809265137,4.400000095367432,4.699999809265137,50350,1.0,0.0
2025-07-03,4.699999809265137,4.800000190734863,4.300000190734863,4.5,62870,1.0,0.0
2025-07-07,4.5,4.599999904632568,4.300000190734863,4.400000095367432,102070,1.0,0.0
2025-07-08,4.400000095367432,4.599999904632568,4.400000095367432,4.599999904632568,64100,1.0,0.0
2025-07-09,4.599999904632568,4.599999904632568,4.400000095367432,4.599999904632568,36890,1.0,0.0
2025-07-10,4.599999904632568,4.599999904632568,4.5,4.599999904632568,35980,1.0,0.0
2025-07-11,4.5,4.5,4.300000190734863,4.400000095367432,62660,1.0,0.0
2025-07-14,4.400000095367432,4.5,4.199999809265137,4.300000190734863,69550,1.0,0.0
2025-07-15,4.300000190734863,4.300000190734863,4.0,4.0,97770,1.0,0.0
2025-07-16,3.9000000953674316,4.099999904632568,3.9000000953674316,4.099999904632568,78530,1.0,0.0
2025-07-17,4.099999904632568,4.800000190734863,4.099999904632568,4.5,392980,1.0,0.0
2025-07-18,4.699999809265137,4.800000190734863,4.199999809265137,4.5,139860,1.0,0.0
2025-07-21,4.5,5.0,4.400000095367432,4.5,120500,1.0,0.0
2025-07-22,4.699999809265137,4.699999809265137,4.400000095367432,4.400000095367432,82930,1.0,0.0
2025-07-23,4.400000095367432,5.800000190734863,4.400000095367432,5.599999904632568,257740,1.0,0.0
2025-07-24,5.800000190734863,6.400000095367432,5.5,5.699999809265137,268310,1.0,0.0
2025-07-25,5.699999809265137,5.800000190734863,5.5,5.599999904632568,68630,1.0,0.0
2025-07-28,5.699999809265137,5.699999809265137,5.199999809265137,5.300000190734863,61750,1.0,0.0
2025-07-29,5.400000095367432,5.400000095367432,4.900000095367432,5.0,54300,1.0,0.0
2025-07-30,5.0,5.199999809265137,4.699999809265137,4.800000190734863,48930,1.0,0.0
2025-07-31,4.699999809265137,4.800000190734863,4.599999904632568,4.699999809265137,43250,1.0,0.0
2025-08-01,4.599999904632568,4.800000190734863,4.300000190734863,4.400000095367432,44280,1.0,0.0
2025-08-04,4.300000190734863,4.400000095367432,4.199999809265137,4.400000095367432,45080,1.0,0.0
2025-08-05,4.599999904632568,4.900000095367432,4.5,4.800000190734863,62850,1.0,0.0
2025-08-06,4.800000190734863,5.099999904632568,4.699999809265137,5.099999904632568,41960,1.0,0.0
2025-08-07,5.0,5.199999809265137,5.0,5.099999904632568,30230,1.0,0.0
2025-08-08,5.199999809265137,5.400000095367432,4.900000095367432,5.300000190734863,30450,1.0,0.0
2025-08-11,5.099999904632568,5.300000190734863,4.699999809265137,4.800000190734863,91830,1.0,0.0
2025-08-12,4.699999809265137,5.0,4.699999809265137,4.800000190734863,53010,1.0,0.0
2025-08-13,4.900000095367432,5.0,4.800000190734863,5.0,46130,1.0,0.0
2025-08-14,4.699999809265137,5.0,4.699999809265137,4.900000095367432,41140,1.0,0.0
2025-08-15,5.099999904632568,5.300000190734863,4.900000095367432,5.300000190734863,93410,1.0,0.0
2025-08-18,5.199999809265137,5.400000095367432,5.0,5.0,37400,1.0,0.0
2025-08-19,4.900000095367432,5.199999809265137,4.900000095367432,4.900000095367432,21080,1.0,0.0
2025-08-20,5.0,5.099999904632568,4.699999809265137,4.699999809265137,32050,1.0,0.0
2025-08-21,4.900000095367432,4.900000095367432,4.699999809265137,4.800000190734863,40360,1.0,0.0
2025-08-22,4.900000095367432,5.199999809265137,4.800000190734863,4.900000095367432,40450,1.0,0.0
2025-08-25,5.0,5.400000095367432,5.0,5.0,46740,1.0,0.0
2025-08-26,5.099999904632568,5.699999809265137,4.900000095367432,5.400000095367432,150180,1.0,0.0
2025-08-27,5.599999904632568,5.699999809265137,5.300000190734863,5.300000190734863,57540,1.0,0.0
2025-08-28,5.5,5.5,5.0,5.199999809265137,37890,1.0,0.0
2025-08-29,5.300000190734863,5.300000190734863,4.900000095367432,5.0,33390,1.0,0.0
2025-09-02,5.0,5.099999904632568,4.800000190734863,4.900000095367432,28500,1.0,0.0
2025-09-03,4.900000095367432,5.0,4.699999809265137,4.699999809265137,38140,1.0,0.0
2025-09-04,4.699999809265137,4.800000190734863,4.699999809265137,4.699999809265137,31620,1.0,0.0
2025-09-05,4.599999904632568,4.900000095367432,4.599999904632568,4.800000190734863,35160,1.0,0.0
2025-09-08,4.800000190734863,4.800000190734863,4.5,4.5,67940,1.0,0.0
2025-09-09,4.5,4.5,4.400000095367432,4.400000095367432,46100,1.0,0.0
2025-09-10,4.5,4.599999904632568,4.400000095367432,4.5,53540,1.0,0.0
2025-09-11,4.5,4.699999809265137,4.400000095367432,4.400000095367432,37540,1.0,0.0
2025-09-12,4.400000095367432,4.599999904632568,4.300000190734863,4.400000095367432,29180,1.0,0.0
2025-09-15,4.5,4.5,4.199999809265137,4.400000095367432,58760,1.0,0.0
2025-09-16,5.199999809265137,5.599999904632568,4.5,4.800000190734863,1160290,1.0,0.0
2025-09-17,4.699999809265137,4.900000095367432,4.599999904632568,4.699999809265137,134310,1.0,0.0
2025-09-18,4.800000190734863,4.900000095367432,4.699999809265137,4.800000190734863,70110,1.0,0.0
2025-09-19,4.699999809265137,4.800000190734863,4.599999904632568,4.699999809265137,37320,1.0,0.0
2025-09-22,4.800000190734863,4.800000190734863,4.699999809265137,4.800000190734863,34810,1.0,0.0
2025-09-23,4.699999809265137,4.800000190734863,4.599999904632568,4.599999904632568,50190,1.0,0.0
2025-09-24,4.599999904632568,4.699999809265137,4.400000095367432,4.5,47340,1.0,0.0
2025-09-25,4.400000095367432,4.400000095367432,4.300000190734863,4.400000095367432,35990,1.0,0.0
2025-09-26,4.400000095367432,4.5,4.300000190734863,4.400000095367432,24580,1.0,0.0
2025-09-29,4.5,4.599999904632568,4.300000190734863,4.400000095367432,50990,1.0,0.0
2025-09-30,4.5,4.5,4.300000190734863,4.400000095367432,39870,1.0,0.0
2025-10-01,4.5,4.599999904632568,4.400000095367432,4.5,58420,1.0,0.0
2025-10-02,4.5,4.699999809265137,4.400000095367432,4.599999904632568,43100,1.0,0.0
2025-10-03,4.599999904632568,4.699999809265137,4.400000095367432,4.5,49110,1.0,0.0
2025-10-06,4.5,4.599999904632568,4.400000095367432,4.400000095367432,62410,1.0,0.0
2025-10-07,4.400000095367432,4.599999904632568,4.300000190734863,4.400000095367432,51660,1.0,0.0
2025-10-08,4.400000095367432,4.5,4.400000095367432,4.400000095367432,51000,1.0,0.0
2025-10-09,4.400000095367432,4.5,4.300000190734863,4.400000095367432,78880,1.0,0.0
2025-10-10,4.400000095367432,4.400000095367432,4.199999809265137,4.199999809265137,75140,1.0,0.0
2025-10-13,4.199999809265137,4.300000190734863,4.099999904632568,4.199999809265137,77390,1.0,0.0
2025-10-14,4.199999809265137,4.300000190734863,4.199999809265137,4.199999809265137,36530,1.0,0.0
2025-10-15,4.199999809265137,4.400000095367432,4.099999904632568,4.199999809265137,66120,1.0,0.0
2025-10-16,4.300000190734863,4.300000190734863,4.0,4.0,62800,1.0,0.0
2025-10-17,4.099999904632568,4.099999904632568,3.799999952316284,3.799999952316284,139290,1.0,0.0
2025-10-20,3.799999952316284,4.199999809265137,3.799999952316284,4.0,89340,1.0,0.0
2025-10-21,4.0,4.199999809265137,4.0,4.099999904632568,46670,1.0,0.0
2025-10-22,4.099999904632568,4.199999809265137,4.0,4.0,46090,1.0,0.0
2025-10-23,4.0,4.199999809265137,4.0,4.0,28030,1.0,0.0
2025-10-24,4.0,4.199999809265137,4.0,4.099999904632568,55030,1.0,0.0
2025-10-27,4.199999809265137,4.199999809265137,4.0,4.0,32950,1.0,0.0
2025-10-28,4.0,4.099999904632568,4.0,4.0,40450,1.0,0.0
2025-10-29,4.0,4.599999904632568,4.0,4.5,257640,1.0,0.0
2025-10-30,5.699999809265137,9.399999618530273,5.199999809265137,6.300000190734863,31873740,1.0,0.0
2025-10-31,5.599999904632568,5.800000190734863,4.800000190734863,5.199999809265137,1700070,1.0,0.0
2025-11-03,5.300000190734863,6.5,5.199999809265137,5.699999809265137,802980,1.0,0.0
2025-11-04,5.400000095367432,6.199999809265137,5.300000190734863,6.199999809265137,338870,1.0,0.0
2025-11-05,6.099999904632568,6.5,5.599999904632568,5.900000095367432,367370,1.0,0.0
2025-11-06,5.699999809265137,5.900000095367432,4.900000095367432,5.5,545010,1.0,0.0
2025-11-07,5.199999809265137,5.5,4.900000095367432,5.400000095367432,210180,1.0,0.0
2025-11-10,5.5,5.900000095367432,5.400000095367432,5.800000190734863,189830,1.0,0.0
2025-11-11,5.800000190734863,6.400000095367432,5.400000095367432,6.099999904632568,217590,1.0,0.0
2025-11-12,6.199999809265137,6.5,6.099999904632568,6.199999809265137,109940,1.0,0.0
2025-11-13,6.199999809265137,6.300000190734863,5.599999904632568,5.800000190734863,104960,1.0,0.0
2025-11-14,5.599999904632568,6.699999809265137,5.400000095367432,6.599999904632568,204960,1.0,0.0
2025-11-17,6.699999809265137,7.400000095367432,6.400000095367432,6.699999809265137,250600,1.0,0.0
2025-11-18,6.699999809265137,6.800000190734863,6.099999904632568,6.400000095367432,91310,1.0,0.0
2025-11-19,6.400000095367432,6.599999904632568,6.099999904632568,6.199999809265137,91610,1.0,0.0
2025-11-20,6.199999809265137,6.400000095367432,5.599999904632568,5.599999904632568,109650,1.0,0.0
2025-11-21,5.599999904632568,6.599999904632568,5.599999904632568,6.300000190734863,101570,1.0,0.0
2025-11-24,6.400000095367432,7.0,6.199999809265137,6.400000095367432,156500,1.0,0.0
2025-11-25,6.5,7.599999904632568,6.400000095367432,7.400000095367432,207220,1.0,0.0
2025-11-26,7.5,7.699999809265137,7.0,7.5,108460,1.0,0.0
2025-11-28,7.5,7.900000095367432,7.400000095367432,7.599999904632568,70020,1.0,0.0
2025-12-01,7.800000190734863,8.300000190734863,7.599999904632568,7.699999809265137,111780,1.0,0.0
2025-12-02,7.699999809265137,7.900000095367432,7.099999904632568,7.199999809265137,68230,1.0,0.0
2025-12-03,7.0,7.5,7.0,7.300000190734863,68810,1.0,0.0
2025-12-04,7.300000190734863,7.400000095367432,7.0,7.199999809265137,55050,1.0,0.0
2025-12-05,7.199999809265137,7.699999809265137,7.099999904632568,7.599999904632568,48110,1.0,0.0
2025-12-08,7.599999904632568,8.100000381469727,7.300000190734863,7.599999904632568,57250,1.0,0.0
2025-12-09,7.400000095367432,7.900000095367432,7.099999904632568,7.199999809265137,119070,1.0,0.0
2025-12-10,7.199999809265137,7.800000190734863,7.099999904632568,7.599999904632568,59370,1.0,0.0
2025-12-11,7.800000190734863,7.800000190734863,7.199999809265137,7.400000095367432,59400,1.0,0.0
2025-12-12,7.400000095367432,7.800000190734863,7.300000190734863,7.400000095367432,55480,1.0,0.0
2025-12-15,7.199999809265137,7.599999904632568,6.900000095367432,7.0,51630,1.0,0.0
2025-12-16,7.199999809265137,7.199999809265137,6.800000190734863,7.0,62740,1.0,0.0
2025-12-17,7.199999809265137,8.399999618530273,7.199999809265137,7.900000095367432,211180,1.0,0.0
2025-12-18,7.800000190734863,8.100000381469727,7.699999809265137,7.699999809265137,31430,1.0,0.0
2025-12-19,7.800000190734863,7.800000190734863,7.400000095367432,7.5,41150,1.0,0.0
2025-12-22,7.800000190734863,8.0,7.5,7.5,37560,1.0,0.0
2025-12-23,7.699999809265137,7.699999809265137,7.099999904632568,7.199999809265137,36430,1.0,0.0
2025-12-24,7.300000190734863,7.5,7.199999809265137,7.300000190734863,23720,1.0,0.0
2025-12-26,7.300000190734863,7.300000190734863,7.0,7.0,30840,1.0,0.0
2025-12-29,7.0,7.099999904632568,6.599999904632568,6.599999904632568,76390,1.0,0.0
2025-12-30,6.599999904632568,6.800000190734863,6.5,6.599999904632568,38600,1.0,0.0
2025-12-31,6.5,6.699999809265137,6.5,6.699999809265137,39620,1.0,0.0
2026-01-02,6.599999904632568,6.699999809265137,6.400000095367432,6.5,24070,1.0,0.0
2026-01-05,6.800000190734863,7.099999904632568,6.5,6.800000190734863,29870,1.0,0.0
2026-01-06,7.099999904632568,7.099999904632568,6.800000190734863,6.900000095367432,31390,1.0,0.0
2026-01-07,7.0,7.0,6.699999809265137,6.699999809265137,34610,1.0,0.0
2026-01-08,6.699999809265137,6.800000190734863,6.5,6.5,24980,1.0,0.0
2026-01-09,6.800000190734863,6.800000190734863,6.300000190734863,6.300000190734863,32300,1.0,0.0
2026-01-12,6.599999904632568,6.599999904632568,6.099999904632568,6.199999809265137,23870,1.0,0.0
2026-01-13,6.099999904632568,6.5,5.900000095367432,5.900000095367432,34320,1.0,0.0
2026-01-14,5.900000095367432,5.900000095367432,5.5,5.699999809265137,38390,1.0,0.0
2026-01-15,5.599999904632568,6.0,5.599999904632568,5.800000190734863,59480,1.0,0.0
2026-01-16,5.900000095367432,6.0,5.800000190734863,5.900000095367432,26490,1.0,0.0
2026-01-20,6.199999809265137,6.199999809265137,5.599999904632568,5.800000190734863,24670,1.0,0.0
2026-01-21,5.599999904632568,6.0,5.599999904632568,5.900000095367432,17850,1.0,0.0
2026-01-22,5.599999904632568,6.300000190734863,5.599999904632568,6.199999809265137,33620,1.0,0.0
2026-01-23,6.199999809265137,6.300000190734863,5.900000095367432,5.900000095367432,18900,1.0,0.0
2026-01-26,6.099999904632568,6.199999809265137,5.699999809265137,5.800000190734863,22080,1.0,0.0
2026-01-27,5.800000190734863,6.0,5.800000190734863,5.900000095367432,24550,1.0,0.0
2026-01-28,6.0,6.0,5.699999809265137,5.699999809265137,18140,1.0,0.0
2026-01-29,5.800000190734863,5.900000095367432,5.300000190734863,5.400000095367432,42530,1.0,0.0
2026-01-30,5.199999809265137,5.300000190734863,4.800000190734863,5.0,68810,1.0,0.0
2026-02-02,5.0,5.099999904632568,5.0,5.0,30030,1.0,0.0
2026-02-03,5.0,5.099999904632568,5.0,5.0,18750,1.0,0.0
2026-02-04,5.0,5.400000095367432,5.0,5.099999904632568,16980,1.0,0.0
2026-02-05,5.0,5.099999904632568,4.699999809265137,4.699999809265137,37660,1.0,0.0
2026-02-06,4.800000190734863,5.099999904632568,4.699999809265137,5.0,17690,1.0,0.0
2026-02-09,5.300000190734863,5.400000095367432,5.0,5.300000190734863,12530,1.0,0.0
2026-02-10,6.400000095367432,6.5,5.5,6.0,548010,1.0,0.0
2026-02-11,6.099999904632568,6.199999809265137,5.400000095367432,5.400000095367432,47750,1.0,0.0
2026-02-12,5.400000095367432,5.699999809265137,5.300000190734863,5.599999904632568,25780,1.0,0.0
2026-02-13,5.599999904632568,5.699999809265137,5.400000095367432,5.5,22800,1.0,0.0
2026-02-17,5.900000095367432,6.099999904632568,5.800000190734863,6.0,31990,1.0,0.0
2026-02-18,6.099999904632568,6.099999904632568,5.699999809265137,5.900000095367432,29350,1.0,0.0
2026-02-19,5.800000190734863,6.0,5.800000190734863,5.900000095367432,17790,1.0,0.0
2026-02-20,6.0,6.199999809265137,5.800000190734863,5.800000190734863,50110,1.0,0.0
2026-02-23,5.800000190734863,6.0,5.599999904632568,5.699999809265137,33510,1.0,0.0
2026-02-24,5.599999904632568,6.0,5.599999904632568,5.800000190734863,13760,1.0,0.0
2026-02-25,5.699999809265137,6.099999904632568,5.599999904632568,6.0,22220,1.0,0.0
2026-02-26,6.0,6.199999809265137,5.900000095367432,6.0,22690,1.0,0.0
2026-02-27,5.900000095367432,6.5,5.900000095367432,6.099999904632568,26030,1.0,0.0
2026-03-02,5.800000190734863,6.099999904632568,5.800000190734863,5.900000095367432,14580,1.0,0.0
2026-03-03,5.900000095367432,6.0,5.599999904632568,5.699999809265137,20460,1.0,0.0
2026-03-04,5.699999809265137,6.0,5.699999809265137,5.699999809265137,10070,1.0,0.0
2026-03-05,5.900000095367432,6.199999809265137,5.699999809265137,5.699999809265137,15770,1.0,0.0
2026-03-06,5.699999809265137,5.800000190734863,5.5,5.5,31400,1.0,0.0
2026-03-09,5.199999809265137,5.300000190734863,4.699999809265137,4.900000095367432,52030,1.0,0.0
2026-03-10,4.900000095367432,5.400000095367432,4.900000095367432,5.300000190734863,50260,1.0,0.0
2026-03-11,5.400000095367432,5.400000095367432,5.0,5.099999904632568,33910,1.0,0.0
2026-03-12,5.0,5.099999904632568,4.0,4.900000095367432,176410,1.0,0.0
2026-03-13,4.699999809265137,4.900000095367432,4.599999904632568,4.699999809265137,48840,1.0,0.0
2026-03-16,4.449999809265137,5.25,4.449999809265137,5.010000228881836,185300,0.1,0.0
2026-03-17,4.960000038146973,5.03000020980835,4.650000095367432,4.869999885559082,82300,1.0,0.0
2026-03-18,4.949999809265137,4.949999809265137,4.71999979019165,4.880000114440918,67400,1.0,0.0
2026-03-19,4.739999771118164,5.75,4.710000038146973,5.599999904632568,103800,1.0,0.0
2026-03-20,5.489999771118164,5.489999771118164,5.010000228881836,5.269999980926514,63200,1.0,0.0
2026-03-23,5.260000228881836,5.400000095367432,5.210000038146973,5.340000152587891,51200,1.0,0.0
2026-03-24,5.269999980926514,5.320000171661377,5.03000020980835,5.130000114440918,25600,1.0,0.0
2026-03-25,5.190000057220459,5.190000057220459,5.019999980926514,5.130000114440918,16800,1.0,0.0
2026-03-26,5.019999980926514,5.130000114440918,4.980000019073486,5.070000171661377,36400,1.0,0.0
2026-03-27,5.0,5.039999961853027,4.75,4.869999885559082,40000,1.0,0.0
2026-03-30,4.849999904632568,4.940000057220459,4.559999942779541,4.659999847412109,47200,1.0,0.0
2026-03-31,4.71999979019165,5.039999961853027,4.71999979019165,4.869999885559082,45500,1.0,0.0
2026-04-01,4.860000133514404,5.300000190734863,4.860000133514404,5.090000152587891,95400,1.0,0.0
2026-04-02,5.0,5.269999980926514,5.0,5.199999809265137,31000,1.0,0.0
2026-04-06,5.179999828338623,5.829999923706055,5.079999923706055,5.53000020980835,56200,1.0,0.0
2026-04-07,5.440000057220459,5.53000020980835,5.28000020980835,5.400000095367432,17700,1.0,0.0
2026-04-08,5.429999828338623,5.579999923706055,5.409999847412109,5.550000190734863,17200,1.0,0.0
2026-04-09,5.550000190734863,5.550000190734863,5.369999885559082,5.369999885559082,21900,1.0,0.0
2026-04-10,5.28000020980835,5.28000020980835,4.269999980926514,4.309999942779541,429400,1.0,0.0
2026-04-13,4.340000152587891,4.889999866485596,4.340000152587891,4.659999847412109,124400,1.0,0.0
2026-04-14,4.659999847412109,4.989999771118164,4.619999885559082,4.909999847412109,79600,1.0,0.0
2026-04-15,4.900000095367432,5.820000171661377,4.900000095367432,5.739999771118164,119000,1.0,0.0
2026-04-16,5.71999979019165,6.0,5.5,5.909999847412109,71100,1.0,0.0
2026-04-17,5.880000114440918,6.25,5.739999771118164,6.130000114440918,43800,1.0,0.0
2026-04-20,6.059999942779541,7.0,5.949999809265137,6.989999771118164,114200,1.0,0.0
2026-04-21,6.909999847412109,6.989999771118164,6.25,6.559999942779541,81300,1.0,0.0
2026-04-22,6.619999885559082,6.699999809265137,6.519999980926514,6.690000057220459,12300,1.0,0.0
2026-04-23,6.539999961853027,6.880000114440918,6.480000019073486,6.78000020980835,32700,1.0,0.0
2026-04-24,6.800000190734863,6.949999809265137,6.539999961853027,6.860000133514404,16900,1.0,0.0
2026-04-27,6.78000020980835,6.909999847412109,6.519999980926514,6.829999923706055,32400,1.0,0.0
2026-04-28,6.829999923706055,6.829999923706055,6.400000095367432,6.449999809265137,29800,1.0,0.0
2026-04-29,6.420000076293945,6.420000076293945,6.059999942779541,6.130000114440918,10400,1.0,0.0
2026-04-30,6.110000133514404,6.449999809265137,6.079999923706055,6.380000114440918,13200,1.0,0.0
2026-05-01,6.380000114440918,6.5,6.050000190734863,6.360000133514404,19000,1.0,0.0
2026-05-04,6.440000057220459,6.559999942779541,6.28000020980835,6.400000095367432,16800,1.0,0.0
2026-05-05,6.409999847412109,6.75,6.409999847412109,6.630000114440918,19700,1.0,0.0
2026-05-06,6.630000114440918,7.5,6.550000190734863,7.239999771118164,150700,1.0,0.0
2026-05-07,7.210000038146973,7.210000038146973,6.639999866485596,6.789999961853027,14800,1.0,0.0
2026-05-08,6.900000095367432,7.130000114440918,6.789999961853027,6.900000095367432,14300,1.0,0.0
2026-05-11,6.900000095367432,7.150000095367432,6.820000171661377,6.840000152587891,32000,1.0,0.0
2026-05-12,6.099999904632568,6.400000095367432,5.409999847412109,5.409999847412109,53000,1.0,0.0
2026-05-13,5.489999771118164,5.769999980926514,5.489999771118164,5.570000171661377,32000,1.0,0.0
2026-05-14,5.5,5.590000152587891,5.269999980926514,5.519999980926514,22700,1.0,0.0
2026-05-15,5.440000057220459,5.480000019073486,5.25,5.25,26500,1.0,0.0
2026-05-18,5.25,5.360000133514404,4.960000038146973,5.0,48000,1.0,0.0
2026-05-19,5.0,5.139999866485596,4.869999885559082,5.010000228881836,37300,1.0,0.0
2026-05-20,5.110000133514404,5.460000038146973,5.099999904632568,5.400000095367432,28200,1.0,0.0
2026-05-21,5.409999847412109,5.880000114440918,5.179999828338623,5.519999980926514,15900,1.0,0.0
2026-05-22,5.519999980926514,5.690000057220459,5.360000133514404,5.590000152587891,23000,1.0,0.0
2026-05-26,5.5,5.829999923706055,5.260000228881836,5.679999828338623,30800,1.0,0.0
2026-05-27,5.75,5.96999979019165,5.659999847412109,5.78000020980835,21400,1.0,0.0
2026-05-28,5.730000019073486,6.099999904632568,5.710000038146973,5.949999809265137,40600,1.0,0.0
2026-05-29,5.96999979019165,6.019999980926514,5.820000171661377,5.880000114440918,12000,1.0,0.0
2026-06-01,5.760000228881836,6.559999942779541,5.760000228881836,6.400000095367432,75000,1.0,0.0
2026-06-02,6.329999923706055,6.690000057220459,6.309999942779541,6.460000038146973,29000,1.0,0.0
2026-06-03,6.510000228881836,6.599999904632568,5.869999885559082,6.5,28600,1.0,0.0
2026-06-04,6.489999771118164,6.550000190734863,6.210000038146973,6.480000019073486,14800,1.0,0.0
2026-06-05,6.429999828338623,6.429999828338623,6.010000228881836,6.199999809265137,8900,1.0,0.0
2026-06-08,6.309999942779541,6.489999771118164,6.010000228881836,6.010000228881836,10600,1.0,0.0
2026-06-09,6.090000152587891,6.199999809265137,5.889999866485596,6.039999961853027,16600,1.0,0.0
2026-06-10,6.03000020980835,6.369999885559082,6.010000228881836,6.199999809265137,11700,1.0,0.0
2026-06-11,6.289999961853027,6.690000057220459,6.150000095367432,6.639999866485596,35400,1.0,0.0
2026-06-12,6.570000171661377,6.690000057220459,6.010000228881836,6.079999923706055,30500,1.0,0.0
2026-06-15,6.190000057220459,6.449999809265137,5.920000076293945,5.989999771118164,28500,1.0,0.0
2026-06-16,5.96999979019165,6.039999961853027,5.78000020980835,5.949999809265137,48400,1.0,0.0
2026-06-17,5.860000133514404,6.110000133514404,5.769999980926514,6.0,8500,1.0,0.0
2026-06-18,6.0,6.0,5.849999904632568,5.869999885559082,21000,1.0,0.0
2026-06-22,5.920000076293945,6.170000076293945,5.869999885559082,6.059999942779541,17900,1.0,0.0
2026-06-23,5.909999847412109,6.099999904632568,5.820000171661377,6.010000228881836,9000,1.0,0.0
2026-06-24,5.96999979019165,6.179999828338623,5.949999809265137,6.079999923706055,18800,1.0,0.0
2026-06-25,6.054999828338623,6.158999919891357,5.967199802398682,6.078700065612793,4917,1.0,0.0
